Stato;Atti pubblici;Atti consolari;Autorita Apostille;Note
Afghanistan;Legalizzazione diplomatica o consolare;Legalizzazione prefettizia;—;Regola generale (Stato non elencato nella Supertabella con esenzioni). Atti e documenti consolari: legalizzazione prefettizia, salvo esenzioni (art. 33 D.P.R. 28/12/2000, n. 445).
Albania;Apostille (dal 09.05.2004);Legalizzazione prefettizia;https://www.hcch.net/en/states/authorities;
Algeria;Apostille (dal 09.07.2026);Legalizzazione prefettizia;https://www.hcch.net/en/states/authorities;
Andorra;Apostille (dal 31.12.1996);Legalizzazione prefettizia;https://www.hcch.net/en/states/authorities;
Angola;Legalizzazione diplomatica o consolare;Legalizzazione prefettizia;—;Regola generale (Stato non elencato nella Supertabella con esenzioni). Atti e documenti consolari: legalizzazione prefettizia, salvo esenzioni (art. 33 D.P.R. 28/12/2000, n. 445).
Antigua e Barbuda;Apostille (dal 01.11.1981);Legalizzazione prefettizia;https://www.hcch.net/en/states/authorities;
Arabia Saudita;Apostille (dal 07.12.2022);Legalizzazione prefettizia;https://www.hcch.net/en/states/authorities;
Arabia Saudita (pre-2022 — verificare);Legalizzazione diplomatica o consolare;Legalizzazione prefettizia;—;Regola generale (Stato non elencato nella Supertabella con esenzioni). Atti e documenti consolari: legalizzazione prefettizia, salvo esenzioni (art. 33 D.P.R. 28/12/2000, n. 445).
Argentina;Apostille (dal 18.02.1988);Legalizzazione prefettizia;https://www.hcch.net/en/states/authorities;
Armenia;Apostille (dal 14.08.1994);Legalizzazione prefettizia;https://www.hcch.net/en/states/authorities;
Australia;Apostille (dal 16.03.1995);Legalizzazione prefettizia;https://www.hcch.net/en/states/authorities;
Austria;"Nessuna (dal 16.02.2019 — Reg. UE 2016/1191); Apostille (dal 13.01.1968)";Nessuna (Convenzione di Londra 07.06.1968 / Bruxelles 25.05.1987);https://www.hcch.net/en/states/authorities;"Esenzione per atti pubblici presentati da cittadino UE rilasciati dallo Stato membro di cittadinanza (Reg. UE 2016/1191); se conformi all'art. 6 non serve traduzione."
Azerbaigian;Apostille (dal 02.03.2005);Legalizzazione prefettizia;https://www.hcch.net/en/states/authorities;
Bahamas;Apostille (dal 10.07.1973);Legalizzazione prefettizia;https://www.hcch.net/en/states/authorities;
Bahrein;Apostille (dal 31.12.2013);Legalizzazione prefettizia;https://www.hcch.net/en/states/authorities;
Bangladesh;Apostille (dal 30.03.2025);Legalizzazione prefettizia;https://www.hcch.net/en/states/authorities;
Barbados;Apostille (dal 30.11.1966);Legalizzazione prefettizia;https://www.hcch.net/en/states/authorities;
Belgio;"Nessuna (Convenzione di Bruxelles 25.05.1987); Apostille (dal 09.02.1976)";Nessuna (Convenzione di Londra 07.06.1968 / Bruxelles 25.05.1987);https://www.hcch.net/en/states/authorities;"Esenzione per atti pubblici presentati da cittadino UE rilasciati dallo Stato membro di cittadinanza (Reg. UE 2016/1191); se conformi all'art. 6 non serve traduzione."
Belize;Apostille (dal 11.04.1993);Legalizzazione prefettizia;https://www.hcch.net/en/states/authorities;
Benin;Legalizzazione diplomatica o consolare;Legalizzazione prefettizia;—;Regola generale (Stato non elencato nella Supertabella con esenzioni). Atti e documenti consolari: legalizzazione prefettizia, salvo esenzioni (art. 33 D.P.R. 28/12/2000, n. 445).
Bhutan;Legalizzazione diplomatica o consolare;Legalizzazione prefettizia;—;Regola generale (Stato non elencato nella Supertabella con esenzioni). Atti e documenti consolari: legalizzazione prefettizia, salvo esenzioni (art. 33 D.P.R. 28/12/2000, n. 445).
Bielorussia;Apostille (dal 31.05.1992);Legalizzazione prefettizia;https://www.hcch.net/en/states/authorities;
Bolivia;Apostille (dal 07.05.2018);Legalizzazione prefettizia;https://www.hcch.net/en/states/authorities;
Bosnia ed Erzegovina;Apostille (dal 06.03.1992);Legalizzazione prefettizia;https://www.hcch.net/en/states/authorities;
Botswana;Apostille (dal 30.09.1966);Legalizzazione prefettizia;https://www.hcch.net/en/states/authorities;
Brasile;Apostille (dal 14.08.2016);Legalizzazione prefettizia;https://www.hcch.net/en/states/authorities;
Brunei;Apostille (dal 03.12.1987);Legalizzazione prefettizia;https://www.hcch.net/en/states/authorities;
Bulgaria;"Nessuna (dal 16.02.2019 — Reg. UE 2016/1191); Apostille (dal 29.04.2001)";Legalizzazione prefettizia;https://www.hcch.net/en/states/authorities;"Esenzione per atti pubblici presentati da cittadino UE rilasciati dallo Stato membro di cittadinanza (Reg. UE 2016/1191); se conformi all'art. 6 non serve traduzione."
Burkina Faso;Legalizzazione diplomatica o consolare;Legalizzazione prefettizia;—;Regola generale (Stato non elencato nella Supertabella con esenzioni). Atti e documenti consolari: legalizzazione prefettizia, salvo esenzioni (art. 33 D.P.R. 28/12/2000, n. 445).
Burundi;Apostille (dal 13.02.2015);Legalizzazione prefettizia;https://www.hcch.net/en/states/authorities;
Cambogia;Legalizzazione diplomatica o consolare;Legalizzazione prefettizia;—;Regola generale (Stato non elencato nella Supertabella con esenzioni). Atti e documenti consolari: legalizzazione prefettizia, salvo esenzioni (art. 33 D.P.R. 28/12/2000, n. 445).
Camerun;Legalizzazione diplomatica o consolare;Legalizzazione prefettizia;—;Regola generale (Stato non elencato nella Supertabella con esenzioni). Atti e documenti consolari: legalizzazione prefettizia, salvo esenzioni (art. 33 D.P.R. 28/12/2000, n. 445).
Canada;Apostille (dal 11.01.2024);Legalizzazione prefettizia;https://www.hcch.net/en/states/authorities;
Capo Verde;Apostille (dal 13.02.2010);Legalizzazione prefettizia;https://www.hcch.net/en/states/authorities;
Cechia;"Nessuna (dal 16.02.2019 — Reg. UE 2016/1191); Apostille (dal 16.03.1999)";Nessuna (Convenzione di Londra 07.06.1968 / Bruxelles 25.05.1987);https://www.hcch.net/en/states/authorities;"Esenzione per atti pubblici presentati da cittadino UE rilasciati dallo Stato membro di cittadinanza (Reg. UE 2016/1191); se conformi all'art. 6 non serve traduzione."
Ciad;Legalizzazione diplomatica o consolare;Legalizzazione prefettizia;—;Regola generale (Stato non elencato nella Supertabella con esenzioni). Atti e documenti consolari: legalizzazione prefettizia, salvo esenzioni (art. 33 D.P.R. 28/12/2000, n. 445).
Cile;Apostille (dal 30.08.2016);Legalizzazione prefettizia;https://www.hcch.net/en/states/authorities;
Cina;Apostille (dal 07.11.2023);Legalizzazione prefettizia;https://www.hcch.net/en/states/authorities;
Cipro;"Nessuna (dal 16.02.2019 — Reg. UE 2016/1191); Apostille (dal 30.04.1973)";Nessuna (Convenzione di Londra 07.06.1968 / Bruxelles 25.05.1987);https://www.hcch.net/en/states/authorities;"Esenzione per atti pubblici presentati da cittadino UE rilasciati dallo Stato membro di cittadinanza (Reg. UE 2016/1191); se conformi all'art. 6 non serve traduzione."
Colombia;Apostille (dal 30.01.2001);Legalizzazione prefettizia;https://www.hcch.net/en/states/authorities;
Comore;Legalizzazione diplomatica o consolare;Legalizzazione prefettizia;—;Regola generale (Stato non elencato nella Supertabella con esenzioni). Atti e documenti consolari: legalizzazione prefettizia, salvo esenzioni (art. 33 D.P.R. 28/12/2000, n. 445).
Congo;Legalizzazione diplomatica o consolare;Legalizzazione prefettizia;—;Regola generale (Stato non elencato nella Supertabella con esenzioni). Atti e documenti consolari: legalizzazione prefettizia, salvo esenzioni (art. 33 D.P.R. 28/12/2000, n. 445).
Corea del Nord;Legalizzazione diplomatica o consolare;Legalizzazione prefettizia;—;Regola generale (Stato non elencato nella Supertabella con esenzioni). Atti e documenti consolari: legalizzazione prefettizia, salvo esenzioni (art. 33 D.P.R. 28/12/2000, n. 445).
Corea del Sud;Apostille (dal 14.07.2007);Legalizzazione prefettizia;https://www.hcch.net/en/states/authorities;
Costa d'Avorio;Legalizzazione diplomatica o consolare;Legalizzazione prefettizia;—;Regola generale (Stato non elencato nella Supertabella con esenzioni). Atti e documenti consolari: legalizzazione prefettizia, salvo esenzioni (art. 33 D.P.R. 28/12/2000, n. 445).
Costa Rica;Apostille (dal 14.12.2011);Legalizzazione prefettizia;https://www.hcch.net/en/states/authorities;
Croazia;"Nessuna (dal 16.02.2019 — Reg. UE 2016/1191); Apostille (dal 08.10.1991)";Legalizzazione prefettizia;https://www.hcch.net/en/states/authorities;"Esenzione per atti pubblici presentati da cittadino UE rilasciati dallo Stato membro di cittadinanza (Reg. UE 2016/1191); se conformi all'art. 6 non serve traduzione."
Danimarca;"Nessuna (Convenzione di Bruxelles 25.05.1987); Apostille (dal 29.12.2006)";Nessuna (Convenzione di Londra 07.06.1968 / Bruxelles 25.05.1987);https://www.hcch.net/en/states/authorities;"Esenzione per atti pubblici presentati da cittadino UE rilasciati dallo Stato membro di cittadinanza (Reg. UE 2016/1191); se conformi all'art. 6 non serve traduzione."
Djibouti;Legalizzazione diplomatica o consolare;Legalizzazione prefettizia;—;Regola generale (Stato non elencato nella Supertabella con esenzioni). Atti e documenti consolari: legalizzazione prefettizia, salvo esenzioni (art. 33 D.P.R. 28/12/2000, n. 445).
Dominica;Apostille (dal 03.11.1978);Legalizzazione prefettizia;https://www.hcch.net/en/states/authorities;
Ecuador;Apostille (dal 02.04.2005);Legalizzazione prefettizia;https://www.hcch.net/en/states/authorities;
Egitto;Legalizzazione diplomatica o consolare;Legalizzazione prefettizia;—;Regola generale (Stato non elencato nella Supertabella con esenzioni). Atti e documenti consolari: legalizzazione prefettizia, salvo esenzioni (art. 33 D.P.R. 28/12/2000, n. 445).
El Salvador;Apostille (dal 31.05.1996);Legalizzazione prefettizia;https://www.hcch.net/en/states/authorities;
Emirati Arabi Uniti;Legalizzazione diplomatica o consolare;Legalizzazione prefettizia;—;Regola generale (Stato non elencato nella Supertabella con esenzioni). Atti e documenti consolari: legalizzazione prefettizia, salvo esenzioni (art. 33 D.P.R. 28/12/2000, n. 445).
Eritrea;Legalizzazione diplomatica o consolare;Legalizzazione prefettizia;—;Regola generale (Stato non elencato nella Supertabella con esenzioni). Atti e documenti consolari: legalizzazione prefettizia, salvo esenzioni (art. 33 D.P.R. 28/12/2000, n. 445).
Estonia;"Nessuna (Convenzione di Bruxelles 25.05.1987); Apostille (dal 30.09.2001)";Nessuna (Convenzione di Londra 07.06.1968 / Bruxelles 25.05.1987);https://www.hcch.net/en/states/authorities;"Esenzione per atti pubblici presentati da cittadino UE rilasciati dallo Stato membro di cittadinanza (Reg. UE 2016/1191); se conformi all'art. 6 non serve traduzione."
Eswatini;Apostille (dal 06.09.1968);Legalizzazione prefettizia;https://www.hcch.net/en/states/authorities;
Etiopia;Legalizzazione diplomatica o consolare;Legalizzazione prefettizia;—;Regola generale (Stato non elencato nella Supertabella con esenzioni). Atti e documenti consolari: legalizzazione prefettizia, salvo esenzioni (art. 33 D.P.R. 28/12/2000, n. 445).
Figi;Apostille (dal 10.10.1970);Legalizzazione prefettizia;https://www.hcch.net/en/states/authorities;
Filippine;Apostille (dal 14.05.2019);Legalizzazione prefettizia;https://www.hcch.net/en/states/authorities;
Finlandia;"Nessuna (dal 16.02.2019 — Reg. UE 2016/1191); Apostille (dal 26.08.1985)";Legalizzazione prefettizia;https://www.hcch.net/en/states/authorities;"Esenzione per atti pubblici presentati da cittadino UE rilasciati dallo Stato membro di cittadinanza (Reg. UE 2016/1191); se conformi all'art. 6 non serve traduzione."
Francia;"Nessuna (Convenzione di Bruxelles 25.05.1987); Apostille (dal 24.01.1965)";Nessuna (Convenzione di Londra 07.06.1968 / Bruxelles 25.05.1987);https://www.hcch.net/en/states/authorities;"Esenzione per atti pubblici presentati da cittadino UE rilasciati dallo Stato membro di cittadinanza (Reg. UE 2016/1191); se conformi all'art. 6 non serve traduzione."
Gabon;Legalizzazione diplomatica o consolare;Legalizzazione prefettizia;—;Regola generale (Stato non elencato nella Supertabella con esenzioni). Atti e documenti consolari: legalizzazione prefettizia, salvo esenzioni (art. 33 D.P.R. 28/12/2000, n. 445).
Gambia;Legalizzazione diplomatica o consolare;Legalizzazione prefettizia;—;Regola generale (Stato non elencato nella Supertabella con esenzioni). Atti e documenti consolari: legalizzazione prefettizia, salvo esenzioni (art. 33 D.P.R. 28/12/2000, n. 445).
Georgia;Apostille (dal 14.05.2007);Legalizzazione prefettizia;https://www.hcch.net/en/states/authorities;
Germania;"Nessuna (Convenzione di Roma 07.06.1969); Apostille (dal 13.02.1966)";Nessuna (Convenzione di Londra 07.06.1968 / Bruxelles 25.05.1987);https://www.hcch.net/en/states/authorities;"Esenzione per atti pubblici presentati da cittadino UE rilasciati dallo Stato membro di cittadinanza (Reg. UE 2016/1191); se conformi all'art. 6 non serve traduzione."
Ghana;Legalizzazione diplomatica o consolare;Legalizzazione prefettizia;—;Regola generale (Stato non elencato nella Supertabella con esenzioni). Atti e documenti consolari: legalizzazione prefettizia, salvo esenzioni (art. 33 D.P.R. 28/12/2000, n. 445).
Giamaica;Apostille (dal 03.07.2021);Legalizzazione prefettizia;https://www.hcch.net/en/states/authorities;
Giappone;Apostille (dal 27.07.1970);Legalizzazione prefettizia;https://www.hcch.net/en/states/authorities;
Giordania;Legalizzazione diplomatica o consolare;Legalizzazione prefettizia;—;Regola generale (Stato non elencato nella Supertabella con esenzioni). Atti e documenti consolari: legalizzazione prefettizia, salvo esenzioni (art. 33 D.P.R. 28/12/2000, n. 445).
Grecia;"Nessuna (dal 16.02.2019 — Reg. UE 2016/1191); Apostille (dal 18.05.1985)";Nessuna (Convenzione di Londra 07.06.1968 / Bruxelles 25.05.1987);https://www.hcch.net/en/states/authorities;"Esenzione per atti pubblici presentati da cittadino UE rilasciati dallo Stato membro di cittadinanza (Reg. UE 2016/1191); se conformi all'art. 6 non serve traduzione."
Grenada;Apostille (dal 07.04.2002);Legalizzazione prefettizia;https://www.hcch.net/en/states/authorities;
Guatemala;Apostille (dal 18.09.2017);Legalizzazione prefettizia;https://www.hcch.net/en/states/authorities;
Guinea;Legalizzazione diplomatica o consolare;Legalizzazione prefettizia;—;Regola generale (Stato non elencato nella Supertabella con esenzioni). Atti e documenti consolari: legalizzazione prefettizia, salvo esenzioni (art. 33 D.P.R. 28/12/2000, n. 445).
Guinea Equatoriale;Legalizzazione diplomatica o consolare;Legalizzazione prefettizia;—;Regola generale (Stato non elencato nella Supertabella con esenzioni). Atti e documenti consolari: legalizzazione prefettizia, salvo esenzioni (art. 33 D.P.R. 28/12/2000, n. 445).
Guinea-Bissau;Legalizzazione diplomatica o consolare;Legalizzazione prefettizia;—;Regola generale (Stato non elencato nella Supertabella con esenzioni). Atti e documenti consolari: legalizzazione prefettizia, salvo esenzioni (art. 33 D.P.R. 28/12/2000, n. 445).
Guyana;Apostille (dal 18.04.2019);Legalizzazione prefettizia;https://www.hcch.net/en/states/authorities;
Haiti;Legalizzazione diplomatica o consolare;Legalizzazione prefettizia;—;Regola generale (Stato non elencato nella Supertabella con esenzioni). Atti e documenti consolari: legalizzazione prefettizia, salvo esenzioni (art. 33 D.P.R. 28/12/2000, n. 445).
Honduras;Apostille (dal 30.09.2004);Legalizzazione prefettizia;https://www.hcch.net/en/states/authorities;
India;Apostille (dal 14.07.2005);Legalizzazione prefettizia;https://www.hcch.net/en/states/authorities;
Indonesia;Apostille (dal 04.06.2022);Legalizzazione prefettizia;https://www.hcch.net/en/states/authorities;
Iran;Legalizzazione diplomatica o consolare;Legalizzazione prefettizia;—;Regola generale (Stato non elencato nella Supertabella con esenzioni). Atti e documenti consolari: legalizzazione prefettizia, salvo esenzioni (art. 33 D.P.R. 28/12/2000, n. 445).
Iraq;Legalizzazione diplomatica o consolare;Legalizzazione prefettizia;—;Regola generale (Stato non elencato nella Supertabella con esenzioni). Atti e documenti consolari: legalizzazione prefettizia, salvo esenzioni (art. 33 D.P.R. 28/12/2000, n. 445).
Irlanda;"Nessuna (Convenzione di Bruxelles 25.05.1987); Apostille (dal 09.03.1999)";Nessuna (Convenzione di Londra 07.06.1968 / Bruxelles 25.05.1987);https://www.hcch.net/en/states/authorities;"Esenzione per atti pubblici presentati da cittadino UE rilasciati dallo Stato membro di cittadinanza (Reg. UE 2016/1191); se conformi all'art. 6 non serve traduzione."
Islanda;Apostille (dal 27.11.2004);Legalizzazione prefettizia;https://www.hcch.net/en/states/authorities;
Isole Cook;Apostille (dal 30.04.2005);Legalizzazione prefettizia;https://www.hcch.net/en/states/authorities;
Isole Marshall;Apostille (dal 14.08.1992);Legalizzazione prefettizia;https://www.hcch.net/en/states/authorities;
Israele;Apostille (dal 14.08.1978);Legalizzazione prefettizia;https://www.hcch.net/en/states/authorities;
Kazakistan;Apostille (dal 30.01.2001);Legalizzazione prefettizia;https://www.hcch.net/en/states/authorities;
Kenya;Legalizzazione diplomatica o consolare;Legalizzazione prefettizia;—;Regola generale (Stato non elencato nella Supertabella con esenzioni). Atti e documenti consolari: legalizzazione prefettizia, salvo esenzioni (art. 33 D.P.R. 28/12/2000, n. 445).
Kirghizistan;Apostille (dal 31.07.2011);Legalizzazione prefettizia;https://www.hcch.net/en/states/authorities;
Kosovo;Apostille (dal 14.07.2016);Legalizzazione prefettizia;https://www.hcch.net/en/states/authorities;
Kuwait;Legalizzazione diplomatica o consolare;Legalizzazione prefettizia;—;Regola generale (Stato non elencato nella Supertabella con esenzioni). Atti e documenti consolari: legalizzazione prefettizia, salvo esenzioni (art. 33 D.P.R. 28/12/2000, n. 445).
Laos;Legalizzazione diplomatica o consolare;Legalizzazione prefettizia;—;Regola generale (Stato non elencato nella Supertabella con esenzioni). Atti e documenti consolari: legalizzazione prefettizia, salvo esenzioni (art. 33 D.P.R. 28/12/2000, n. 445).
Lesotho;Apostille (dal 04.10.1966);Legalizzazione prefettizia;https://www.hcch.net/en/states/authorities;
Lettonia;"Nessuna (Convenzione di Bruxelles 25.05.1987); Apostille (dal 30.01.1996)";Nessuna (Convenzione di Londra 07.06.1968 / Bruxelles 25.05.1987);https://www.hcch.net/en/states/authorities;"Esenzione per atti pubblici presentati da cittadino UE rilasciati dallo Stato membro di cittadinanza (Reg. UE 2016/1191); se conformi all'art. 6 non serve traduzione."
Libano;Legalizzazione diplomatica o consolare;Legalizzazione prefettizia;—;Regola generale (Stato non elencato nella Supertabella con esenzioni). Atti e documenti consolari: legalizzazione prefettizia, salvo esenzioni (art. 33 D.P.R. 28/12/2000, n. 445).
Liberia;Apostille (dal 08.02.1996);Legalizzazione prefettizia;https://www.hcch.net/en/states/authorities;
Libia;Legalizzazione diplomatica o consolare;Legalizzazione prefettizia;—;Regola generale (Stato non elencato nella Supertabella con esenzioni). Atti e documenti consolari: legalizzazione prefettizia, salvo esenzioni (art. 33 D.P.R. 28/12/2000, n. 445).
Liechtenstein;Apostille (dal 17.09.1972);Legalizzazione prefettizia;https://www.hcch.net/en/states/authorities;Esenzione da legalizzazione prefettizia per atti consolari (Convenzione di Londra 1968 / Bruxelles 1987).
Lituania;"Nessuna (dal 16.02.2019 — Reg. UE 2016/1191); Apostille (dal 19.07.1997)";Legalizzazione prefettizia;https://www.hcch.net/en/states/authorities;"Esenzione per atti pubblici presentati da cittadino UE rilasciati dallo Stato membro di cittadinanza (Reg. UE 2016/1191); se conformi all'art. 6 non serve traduzione."
Lussemburgo;"Nessuna (dal 16.02.2019 — Reg. UE 2016/1191); Apostille (dal 03.06.1979)";Nessuna (Convenzione di Londra 07.06.1968 / Bruxelles 25.05.1987);https://www.hcch.net/en/states/authorities;"Esenzione per atti pubblici presentati da cittadino UE rilasciati dallo Stato membro di cittadinanza (Reg. UE 2016/1191); se conformi all'art. 6 non serve traduzione."
Macedonia del Nord;Apostille (dal 17.11.1991);Legalizzazione prefettizia;https://www.hcch.net/en/states/authorities;
Madagascar;Legalizzazione diplomatica o consolare;Legalizzazione prefettizia;—;Regola generale (Stato non elencato nella Supertabella con esenzioni). Atti e documenti consolari: legalizzazione prefettizia, salvo esenzioni (art. 33 D.P.R. 28/12/2000, n. 445).
Malawi;Apostille (dal 02.12.1967);Legalizzazione prefettizia;https://www.hcch.net/en/states/authorities;
Malaysia;Legalizzazione diplomatica o consolare;Legalizzazione prefettizia;—;Regola generale (Stato non elencato nella Supertabella con esenzioni). Atti e documenti consolari: legalizzazione prefettizia, salvo esenzioni (art. 33 D.P.R. 28/12/2000, n. 445).
Maldive;Legalizzazione diplomatica o consolare;Legalizzazione prefettizia;—;Regola generale (Stato non elencato nella Supertabella con esenzioni). Atti e documenti consolari: legalizzazione prefettizia, salvo esenzioni (art. 33 D.P.R. 28/12/2000, n. 445).
Mali;Legalizzazione diplomatica o consolare;Legalizzazione prefettizia;—;Regola generale (Stato non elencato nella Supertabella con esenzioni). Atti e documenti consolari: legalizzazione prefettizia, salvo esenzioni (art. 33 D.P.R. 28/12/2000, n. 445).
Malta;"Nessuna (dal 16.02.2019 — Reg. UE 2016/1191); Apostille (dal 03.03.1968)";Nessuna (Convenzione di Londra 07.06.1968 / Bruxelles 25.05.1987);https://www.hcch.net/en/states/authorities;"Esenzione per atti pubblici presentati da cittadino UE rilasciati dallo Stato membro di cittadinanza (Reg. UE 2016/1191); se conformi all'art. 6 non serve traduzione."
Marocco;Apostille (dal 14.08.2016);Legalizzazione prefettizia;https://www.hcch.net/en/states/authorities;
Mauritania;Legalizzazione diplomatica o consolare;Legalizzazione prefettizia;—;Regola generale (Stato non elencato nella Supertabella con esenzioni). Atti e documenti consolari: legalizzazione prefettizia, salvo esenzioni (art. 33 D.P.R. 28/12/2000, n. 445).
Mauritius;Apostille (dal 12.03.1968);Legalizzazione prefettizia;https://www.hcch.net/en/states/authorities;
Messico;Apostille (dal 14.08.1995);Legalizzazione prefettizia;https://www.hcch.net/en/states/authorities;
Moldavia;Apostille (dal 16.03.2007);Legalizzazione prefettizia;https://www.hcch.net/en/states/authorities;Esenzione da legalizzazione prefettizia per atti consolari (Convenzione di Londra 1968 / Bruxelles 1987).
Monaco;Apostille (dal 31.12.2002);Legalizzazione prefettizia;https://www.hcch.net/en/states/authorities;
Mongolia;Apostille (dal 31.12.2009);Legalizzazione prefettizia;https://www.hcch.net/en/states/authorities;
Montenegro;Apostille (dal 03.06.2006);Legalizzazione prefettizia;https://www.hcch.net/en/states/authorities;
Mozambico;Legalizzazione diplomatica o consolare;Legalizzazione prefettizia;—;Regola generale (Stato non elencato nella Supertabella con esenzioni). Atti e documenti consolari: legalizzazione prefettizia, salvo esenzioni (art. 33 D.P.R. 28/12/2000, n. 445).
Myanmar;Legalizzazione diplomatica o consolare;Legalizzazione prefettizia;—;Regola generale (Stato non elencato nella Supertabella con esenzioni). Atti e documenti consolari: legalizzazione prefettizia, salvo esenzioni (art. 33 D.P.R. 28/12/2000, n. 445).
Namibia;Apostille (dal 30.01.2001);Legalizzazione prefettizia;https://www.hcch.net/en/states/authorities;
Nepal;Legalizzazione diplomatica o consolare;Legalizzazione prefettizia;—;Regola generale (Stato non elencato nella Supertabella con esenzioni). Atti e documenti consolari: legalizzazione prefettizia, salvo esenzioni (art. 33 D.P.R. 28/12/2000, n. 445).
Nicaragua;Apostille (dal 14.05.2013);Legalizzazione prefettizia;https://www.hcch.net/en/states/authorities;
Niger;Legalizzazione diplomatica o consolare;Legalizzazione prefettizia;—;Regola generale (Stato non elencato nella Supertabella con esenzioni). Atti e documenti consolari: legalizzazione prefettizia, salvo esenzioni (art. 33 D.P.R. 28/12/2000, n. 445).
Nigeria;Legalizzazione diplomatica o consolare;Legalizzazione prefettizia;—;Regola generale (Stato non elencato nella Supertabella con esenzioni). Atti e documenti consolari: legalizzazione prefettizia, salvo esenzioni (art. 33 D.P.R. 28/12/2000, n. 445).
Niue;Apostille (dal 02.03.1999);Legalizzazione prefettizia;https://www.hcch.net/en/states/authorities;
Norvegia;Apostille (dal 29.07.1983);Legalizzazione prefettizia;https://www.hcch.net/en/states/authorities;
Nuova Zelanda;Apostille (dal 22.11.2001);Legalizzazione prefettizia;https://www.hcch.net/en/states/authorities;
Oman;Apostille (dal 30.01.2012);Legalizzazione prefettizia;https://www.hcch.net/en/states/authorities;
Paesi Bassi;"Nessuna (dal 16.02.2019 — Reg. UE 2016/1191); Apostille (dal 08.10.1965)";Nessuna (Convenzione di Londra 07.06.1968 / Bruxelles 25.05.1987);https://www.hcch.net/en/states/authorities;"Esenzione per atti pubblici presentati da cittadino UE rilasciati dallo Stato membro di cittadinanza (Reg. UE 2016/1191); se conformi all'art. 6 non serve traduzione."
Pakistan;Apostille (dal 09.03.2023);Legalizzazione prefettizia;https://www.hcch.net/en/states/authorities;
Palau;Apostille (dal 23.06.2020);Legalizzazione prefettizia;https://www.hcch.net/en/states/authorities;
Panama;Apostille (dal 04.08.1991);Legalizzazione prefettizia;https://www.hcch.net/en/states/authorities;
Paraguay;Apostille (dal 30.08.2014);Legalizzazione prefettizia;https://www.hcch.net/en/states/authorities;
Perù;Apostille (dal 30.09.2010);Legalizzazione prefettizia;https://www.hcch.net/en/states/authorities;
Polonia;"Nessuna (dal 16.02.2019 — Reg. UE 2016/1191); Apostille (dal 14.08.2005)";Nessuna (Convenzione di Londra 07.06.1968 / Bruxelles 25.05.1987);https://www.hcch.net/en/states/authorities;"Esenzione per atti pubblici presentati da cittadino UE rilasciati dallo Stato membro di cittadinanza (Reg. UE 2016/1191); se conformi all'art. 6 non serve traduzione."
Portogallo;"Nessuna (dal 16.02.2019 — Reg. UE 2016/1191); Apostille (dal 04.02.1969)";Nessuna (Convenzione di Londra 07.06.1968 / Bruxelles 25.05.1987);https://www.hcch.net/en/states/authorities;"Esenzione per atti pubblici presentati da cittadino UE rilasciati dallo Stato membro di cittadinanza (Reg. UE 2016/1191); se conformi all'art. 6 non serve traduzione."
Qatar;Legalizzazione diplomatica o consolare;Legalizzazione prefettizia;—;Regola generale (Stato non elencato nella Supertabella con esenzioni). Atti e documenti consolari: legalizzazione prefettizia, salvo esenzioni (art. 33 D.P.R. 28/12/2000, n. 445).
RD del Congo;Legalizzazione diplomatica o consolare;Legalizzazione prefettizia;—;Regola generale (Stato non elencato nella Supertabella con esenzioni). Atti e documenti consolari: legalizzazione prefettizia, salvo esenzioni (art. 33 D.P.R. 28/12/2000, n. 445).
Regno Unito;Apostille (dal 24.01.1965);Legalizzazione prefettizia;https://www.hcch.net/en/states/authorities;Esenzione da legalizzazione prefettizia per atti consolari (Convenzione di Londra 1968 / Bruxelles 1987).
Repubblica Centrafricana;Legalizzazione diplomatica o consolare;Legalizzazione prefettizia;—;Regola generale (Stato non elencato nella Supertabella con esenzioni). Atti e documenti consolari: legalizzazione prefettizia, salvo esenzioni (art. 33 D.P.R. 28/12/2000, n. 445).
Repubblica del Congo;Legalizzazione diplomatica o consolare;Legalizzazione prefettizia;—;Regola generale (Stato non elencato nella Supertabella con esenzioni). Atti e documenti consolari: legalizzazione prefettizia, salvo esenzioni (art. 33 D.P.R. 28/12/2000, n. 445).
Repubblica Dominicana;Apostille (dal 30.08.2009);Legalizzazione prefettizia;https://www.hcch.net/en/states/authorities;
Romania;"Nessuna (dal 16.02.2019 — Reg. UE 2016/1191); Apostille (dal 16.03.2001)";Nessuna (Convenzione di Londra 07.06.1968 / Bruxelles 25.05.1987);https://www.hcch.net/en/states/authorities;"Esenzione per atti pubblici presentati da cittadino UE rilasciati dallo Stato membro di cittadinanza (Reg. UE 2016/1191); se conformi all'art. 6 non serve traduzione."
Ruanda;Apostille (dal 05.06.2024);Legalizzazione prefettizia;https://www.hcch.net/en/states/authorities;
Russia;Apostille (dal 31.05.1992);Legalizzazione prefettizia;https://www.hcch.net/en/states/authorities;Esenzione da legalizzazione prefettizia per atti consolari (Convenzione di Londra 1968 / Bruxelles 1987).
Saint Kitts e Nevis;Apostille (dal 14.12.1994);Legalizzazione prefettizia;https://www.hcch.net/en/states/authorities;
Saint Vincent e Grenadine;Apostille (dal 27.10.1979);Legalizzazione prefettizia;https://www.hcch.net/en/states/authorities;
Samoa;Apostille (dal 13.09.1999);Legalizzazione prefettizia;https://www.hcch.net/en/states/authorities;
San Marino;Apostille (dal 13.02.1995);Legalizzazione prefettizia;https://www.hcch.net/en/states/authorities;
Santa Lucia;Apostille (dal 31.07.2002);Legalizzazione prefettizia;https://www.hcch.net/en/states/authorities;
Senegal;Apostille (dal 23.03.2023);Legalizzazione prefettizia;https://www.hcch.net/en/states/authorities;
Serbia;Apostille (dal 27.04.1992);Legalizzazione prefettizia;https://www.hcch.net/en/states/authorities;
Seychelles;Apostille (dal 31.03.1979);Legalizzazione prefettizia;https://www.hcch.net/en/states/authorities;
Singapore;Apostille (dal 16.09.2021);Legalizzazione prefettizia;https://www.hcch.net/en/states/authorities;
Siria;Legalizzazione diplomatica o consolare;Legalizzazione prefettizia;—;Regola generale (Stato non elencato nella Supertabella con esenzioni). Atti e documenti consolari: legalizzazione prefettizia, salvo esenzioni (art. 33 D.P.R. 28/12/2000, n. 445).
Slovacchia;"Nessuna (dal 16.02.2019 — Reg. UE 2016/1191); Apostille (dal 18.02.2002)";Legalizzazione prefettizia;https://www.hcch.net/en/states/authorities;"Esenzione per atti pubblici presentati da cittadino UE rilasciati dallo Stato membro di cittadinanza (Reg. UE 2016/1191); se conformi all'art. 6 non serve traduzione."
Slovenia;"Nessuna (dal 16.02.2019 — Reg. UE 2016/1191); Apostille (dal 25.06.1991)";Legalizzazione prefettizia;https://www.hcch.net/en/states/authorities;"Esenzione per atti pubblici presentati da cittadino UE rilasciati dallo Stato membro di cittadinanza (Reg. UE 2016/1191); se conformi all'art. 6 non serve traduzione."
Somalia;Legalizzazione diplomatica o consolare;Legalizzazione prefettizia;—;Regola generale (Stato non elencato nella Supertabella con esenzioni). Atti e documenti consolari: legalizzazione prefettizia, salvo esenzioni (art. 33 D.P.R. 28/12/2000, n. 445).
Spagna;"Nessuna (dal 16.02.2019 — Reg. UE 2016/1191); Apostille (dal 25.09.1978)";Nessuna (Convenzione di Londra 07.06.1968 / Bruxelles 25.05.1987);https://www.hcch.net/en/states/authorities;"Esenzione per atti pubblici presentati da cittadino UE rilasciati dallo Stato membro di cittadinanza (Reg. UE 2016/1191); se conformi all'art. 6 non serve traduzione."
Sri Lanka;Legalizzazione diplomatica o consolare;Legalizzazione prefettizia;—;Regola generale (Stato non elencato nella Supertabella con esenzioni). Atti e documenti consolari: legalizzazione prefettizia, salvo esenzioni (art. 33 D.P.R. 28/12/2000, n. 445).
Stati Uniti d'America;Apostille (dal 15.10.1981);Legalizzazione prefettizia;https://www.hcch.net/en/states/authorities;
Sudafrica;Apostille (dal 30.04.1995);Legalizzazione prefettizia;https://www.hcch.net/en/states/authorities;
Sudan;Legalizzazione diplomatica o consolare;Legalizzazione prefettizia;—;Regola generale (Stato non elencato nella Supertabella con esenzioni). Atti e documenti consolari: legalizzazione prefettizia, salvo esenzioni (art. 33 D.P.R. 28/12/2000, n. 445).
Sudan del Sud;Legalizzazione diplomatica o consolare;Legalizzazione prefettizia;—;Regola generale (Stato non elencato nella Supertabella con esenzioni). Atti e documenti consolari: legalizzazione prefettizia, salvo esenzioni (art. 33 D.P.R. 28/12/2000, n. 445).
Suriname;Apostille (dal 25.11.1975);Legalizzazione prefettizia;https://www.hcch.net/en/states/authorities;
Svezia;"Nessuna (dal 16.02.2019 — Reg. UE 2016/1191); Apostille (dal 01.05.1999)";Nessuna (Convenzione di Londra 07.06.1968 / Bruxelles 25.05.1987);https://www.hcch.net/en/states/authorities;"Esenzione per atti pubblici presentati da cittadino UE rilasciati dallo Stato membro di cittadinanza (Reg. UE 2016/1191); se conformi all'art. 6 non serve traduzione."
Svizzera;Apostille (dal 11.03.1973);Legalizzazione prefettizia;https://www.hcch.net/en/states/authorities;Esenzione da legalizzazione prefettizia per atti consolari (Convenzione di Londra 1968 / Bruxelles 1987).
São Tomé e Príncipe;Apostille (dal 13.09.2008);Legalizzazione prefettizia;https://www.hcch.net/en/states/authorities;
Tagikistan;Apostille (dal 31.10.2015);Legalizzazione prefettizia;https://www.hcch.net/en/states/authorities;
Tailandia;Apostille (dal 28.02.2027);Legalizzazione prefettizia;https://www.hcch.net/en/states/authorities;
Tanzania;Legalizzazione diplomatica o consolare;Legalizzazione prefettizia;—;Regola generale (Stato non elencato nella Supertabella con esenzioni). Atti e documenti consolari: legalizzazione prefettizia, salvo esenzioni (art. 33 D.P.R. 28/12/2000, n. 445).
Togo;Legalizzazione diplomatica o consolare;Legalizzazione prefettizia;—;Regola generale (Stato non elencato nella Supertabella con esenzioni). Atti e documenti consolari: legalizzazione prefettizia, salvo esenzioni (art. 33 D.P.R. 28/12/2000, n. 445).
Tonga;Apostille (dal 04.06.1970);Legalizzazione prefettizia;https://www.hcch.net/en/states/authorities;
Trinidad e Tobago;Apostille (dal 14.07.2000);Legalizzazione prefettizia;https://www.hcch.net/en/states/authorities;
Tunisia;Apostille (dal 30.03.2018);Legalizzazione prefettizia;https://www.hcch.net/en/states/authorities;
Turchia;Apostille (dal 29.09.1985);Legalizzazione prefettizia;https://www.hcch.net/en/states/authorities;Esenzione da legalizzazione prefettizia per atti consolari (Convenzione di Londra 1968 / Bruxelles 1987).
Ucraina;Apostille (dal 22.12.2003);Legalizzazione prefettizia;https://www.hcch.net/en/states/authorities;
Uganda;Legalizzazione diplomatica o consolare;Legalizzazione prefettizia;—;Regola generale (Stato non elencato nella Supertabella con esenzioni). Atti e documenti consolari: legalizzazione prefettizia, salvo esenzioni (art. 33 D.P.R. 28/12/2000, n. 445).
Ungheria;"Nessuna (Convenzione di Budapest 26.05.1977); Apostille (dal 18.01.1973)";Legalizzazione prefettizia;https://www.hcch.net/en/states/authorities;"Esenzione per atti pubblici presentati da cittadino UE rilasciati dallo Stato membro di cittadinanza (Reg. UE 2016/1191); se conformi all'art. 6 non serve traduzione."
Uruguay;Apostille (dal 14.10.2012);Legalizzazione prefettizia;https://www.hcch.net/en/states/authorities;
Uzbekistan;Apostille (dal 15.04.2012);Legalizzazione prefettizia;https://www.hcch.net/en/states/authorities;
Vanuatu;Apostille (dal 30.07.1980);Legalizzazione prefettizia;https://www.hcch.net/en/states/authorities;
Vaticano (Santa Sede);Legalizzazione diplomatica o consolare;Legalizzazione prefettizia;—;Regola generale (Stato non elencato nella Supertabella con esenzioni). Atti e documenti consolari: legalizzazione prefettizia, salvo esenzioni (art. 33 D.P.R. 28/12/2000, n. 445). Per lo Stato della Città del Vaticano valgono gli Accordi Lateranensi e norme speciali.
Venezuela;Apostille (dal 16.03.1999);Legalizzazione prefettizia;https://www.hcch.net/en/states/authorities;
Vietnam;Apostille (dal 11.09.2026);Legalizzazione prefettizia;https://www.hcch.net/en/states/authorities;
Yemen;Legalizzazione diplomatica o consolare;Legalizzazione prefettizia;—;Regola generale (Stato non elencato nella Supertabella con esenzioni). Atti e documenti consolari: legalizzazione prefettizia, salvo esenzioni (art. 33 D.P.R. 28/12/2000, n. 445).
Zambia;Legalizzazione diplomatica o consolare;Legalizzazione prefettizia;—;Regola generale (Stato non elencato nella Supertabella con esenzioni). Atti e documenti consolari: legalizzazione prefettizia, salvo esenzioni (art. 33 D.P.R. 28/12/2000, n. 445).
Zimbabwe;Legalizzazione diplomatica o consolare;Legalizzazione prefettizia;—;Regola generale (Stato non elencato nella Supertabella con esenzioni). Atti e documenti consolari: legalizzazione prefettizia, salvo esenzioni (art. 33 D.P.R. 28/12/2000, n. 445).
